<?xml version="1.0" encoding="UTF-8" standalone="yes"?>
<definitions xmlns="http://www.omg.org/spec/BPMN/20100524/MODEL" xmlns:activiti="http://activiti.org/bpmn" xmlns:bpmndi="http://www.omg.org/spec/BPMN/20100524/DI" xmlns:omgdc="http://www.omg.org/spec/DD/20100524/DC" xmlns:omgdi="http://www.omg.org/spec/DD/20100524/DI" xmlns:tns="http://www.activiti.org/test" xmlns:xsd="http://www.w3.org/2001/XMLSchema" xmlns:xsi="http://www.w3.org/2001/XMLSchema-instance" expressionLanguage="http://www.w3.org/1999/XPath" id="m1590416865815" name="" targetNamespace="http://www.activiti.org/test" typeLanguage="http://www.w3.org/2001/XMLSchema">
  <process id="holiday-exclusive" isClosed="false" isExecutable="true" processType="None">
    <startEvent id="_2" name="StartEvent"/>
    <userTask activiti:assignee="zhangsan" activiti:exclusive="true" id="_3" name="fill holiday application"/>
    <exclusiveGateway gatewayDirection="Unspecified" id="_4" name="ExclusiveGateway"/>
    <userTask activiti:assignee="lisi" activiti:exclusive="true" id="_5" name="pat mngmt check"/>
    <userTask activiti:assignee="wangwu" activiti:exclusive="true" id="_6" name="general  check"/>
    <userTask activiti:assignee="zhangli" activiti:exclusive="true" id="_7" name="hr repository"/>
    <sequenceFlow id="_8" sourceRef="_2" targetRef="_3"/>
    <sequenceFlow id="_9" sourceRef="_3" targetRef="_5"/>
    <sequenceFlow id="_10" sourceRef="_5" targetRef="_4"/>
    <sequenceFlow id="_11" sourceRef="_4" targetRef="_6">
      <conditionExpression xsi:type="tFormalExpression"><![CDATA[${holiday.num>3}]]></conditionExpression>
    </sequenceFlow>
    <sequenceFlow id="_12" sourceRef="_4" targetRef="_7">
      <conditionExpression xsi:type="tFormalExpression"><![CDATA[${holiday.num>=1}]]></conditionExpression>
    </sequenceFlow>
    <sequenceFlow id="_13" sourceRef="_6" targetRef="_7"/>
    <endEvent id="_14" name="EndEvent"/>
    <sequenceFlow id="_15" sourceRef="_7" targetRef="_14"/>
  </process>
  <bpmndi:BPMNDiagram documentation="background=#3C3F41;count=1;horizontalcount=1;orientation=0;width=842.4;height=1195.2;imageableWidth=832.4;imageableHeight=1185.2;imageableX=5.0;imageableY=5.0" id="Diagram-_1" name="New Diagram">
    <bpmndi:BPMNPlane bpmnElement="holiday-exclusive">
      <bpmndi:BPMNShape bpmnElement="_2" id="Shape-_2">
        <omgdc:Bounds height="32.0" width="32.0" x="85.0" y="110.0"/>
        <bpmndi:BPMNLabel>
          <omgdc:Bounds height="32.0" width="32.0" x="0.0" y="0.0"/>
        </bpmndi:BPMNLabel>
      </bpmndi:BPMNShape>
      <bpmndi:BPMNShape bpmnElement="_3" id="Shape-_3">
        <omgdc:Bounds height="55.0" width="85.0" x="215.0" y="195.0"/>
        <bpmndi:BPMNLabel>
          <omgdc:Bounds height="55.0" width="85.0" x="0.0" y="0.0"/>
        </bpmndi:BPMNLabel>
      </bpmndi:BPMNShape>
      <bpmndi:BPMNShape bpmnElement="_4" id="Shape-_4" isMarkerVisible="false">
        <omgdc:Bounds height="32.0" width="32.0" x="575.0" y="275.0"/>
        <bpmndi:BPMNLabel>
          <omgdc:Bounds height="32.0" width="32.0" x="0.0" y="0.0"/>
        </bpmndi:BPMNLabel>
      </bpmndi:BPMNShape>
      <bpmndi:BPMNShape bpmnElement="_5" id="Shape-_5">
        <omgdc:Bounds height="55.0" width="85.0" x="400.0" y="270.0"/>
        <bpmndi:BPMNLabel>
          <omgdc:Bounds height="55.0" width="85.0" x="0.0" y="0.0"/>
        </bpmndi:BPMNLabel>
      </bpmndi:BPMNShape>
      <bpmndi:BPMNShape bpmnElement="_6" id="Shape-_6">
        <omgdc:Bounds height="55.0" width="85.0" x="750.0" y="130.0"/>
        <bpmndi:BPMNLabel>
          <omgdc:Bounds height="55.0" width="85.0" x="0.0" y="0.0"/>
        </bpmndi:BPMNLabel>
      </bpmndi:BPMNShape>
      <bpmndi:BPMNShape bpmnElement="_7" id="Shape-_7">
        <omgdc:Bounds height="55.0" width="85.0" x="795.0" y="440.0"/>
        <bpmndi:BPMNLabel>
          <omgdc:Bounds height="55.0" width="85.0" x="0.0" y="0.0"/>
        </bpmndi:BPMNLabel>
      </bpmndi:BPMNShape>
      <bpmndi:BPMNShape bpmnElement="_14" id="Shape-_14">
        <omgdc:Bounds height="32.0" width="32.0" x="940.0" y="395.0"/>
        <bpmndi:BPMNLabel>
          <omgdc:Bounds height="32.0" width="32.0" x="0.0" y="0.0"/>
        </bpmndi:BPMNLabel>
      </bpmndi:BPMNShape>
      <bpmndi:BPMNEdge bpmnElement="_13" id="BPMNEdge__13" sourceElement="_6" targetElement="_7">
        <omgdi:waypoint x="815.0" y="185.0"/>
        <omgdi:waypoint x="815.0" y="440.0"/>
        <bpmndi:BPMNLabel>
          <omgdc:Bounds height="0.0" width="0.0" x="0.0" y="0.0"/>
        </bpmndi:BPMNLabel>
      </bpmndi:BPMNEdge>
      <bpmndi:BPMNEdge bpmnElement="_12" id="BPMNEdge__12" sourceElement="_4" targetElement="_7">
        <omgdi:waypoint x="607.0" y="291.0"/>
        <omgdi:waypoint x="795.0" y="467.5"/>
        <bpmndi:BPMNLabel>
          <omgdc:Bounds height="0.0" width="0.0" x="0.0" y="0.0"/>
        </bpmndi:BPMNLabel>
      </bpmndi:BPMNEdge>
      <bpmndi:BPMNEdge bpmnElement="_15" id="BPMNEdge__15" sourceElement="_7" targetElement="_14">
        <omgdi:waypoint x="880.0" y="467.5"/>
        <omgdi:waypoint x="940.0" y="411.0"/>
        <bpmndi:BPMNLabel>
          <omgdc:Bounds height="0.0" width="0.0" x="0.0" y="0.0"/>
        </bpmndi:BPMNLabel>
      </bpmndi:BPMNEdge>
      <bpmndi:BPMNEdge bpmnElement="_8" id="BPMNEdge__8" sourceElement="_2" targetElement="_3">
        <omgdi:waypoint x="117.0" y="126.0"/>
        <omgdi:waypoint x="215.0" y="222.5"/>
        <bpmndi:BPMNLabel>
          <omgdc:Bounds height="0.0" width="0.0" x="0.0" y="0.0"/>
        </bpmndi:BPMNLabel>
      </bpmndi:BPMNEdge>
      <bpmndi:BPMNEdge bpmnElement="_9" id="BPMNEdge__9" sourceElement="_3" targetElement="_5">
        <omgdi:waypoint x="300.0" y="222.5"/>
        <omgdi:waypoint x="400.0" y="297.5"/>
        <bpmndi:BPMNLabel>
          <omgdc:Bounds height="0.0" width="0.0" x="0.0" y="0.0"/>
        </bpmndi:BPMNLabel>
      </bpmndi:BPMNEdge>
      <bpmndi:BPMNEdge bpmnElement="_11" id="BPMNEdge__11" sourceElement="_4" targetElement="_6">
        <omgdi:waypoint x="607.0" y="291.0"/>
        <omgdi:waypoint x="750.0" y="157.5"/>
        <bpmndi:BPMNLabel>
          <omgdc:Bounds height="0.0" width="0.0" x="0.0" y="0.0"/>
        </bpmndi:BPMNLabel>
      </bpmndi:BPMNEdge>
      <bpmndi:BPMNEdge bpmnElement="_10" id="BPMNEdge__10" sourceElement="_5" targetElement="_4">
        <omgdi:waypoint x="485.0" y="297.5"/>
        <omgdi:waypoint x="575.0" y="291.0"/>
        <bpmndi:BPMNLabel>
          <omgdc:Bounds height="0.0" width="0.0" x="0.0" y="0.0"/>
        </bpmndi:BPMNLabel>
      </bpmndi:BPMNEdge>
    </bpmndi:BPMNPlane>
  </bpmndi:BPMNDiagram>
</definitions>
